topic,abstract,criteria,dataset
A meta-analysis on the role older adults with cancer favour in treatment decision making,"Introduction: In the complex setting of oncological treatment decision making, balancing professional guidance while respecting patient involvement can be a challenge. We set out to assess the role adults with cancer favour in treatment decision making (TDM), including differences across age groups and change over time. Materials and methods: A systematic search was performed in MEDLINE and Embase, for studies on role preference of (older) adults with cancer in oncological treatment decision making. A meta-analysis was conducted based on Control Preference Scale (CPS) data, a questionnaire on patient role preference in TDM. Results: This meta-analysis includes 33 studies reporting CPS data comprising 17,197 adults with cancer. Mean age was 60.6 years old for studies that specified age (24 studies, 6155 patients). During the last decade, patients' role preference shifted towards significantly more active involvement in TDM (p = 0.006). No age-dependent subgroup differences have been identified; both younger and older adults, defined as, respectively, below and above 65 years old, favour active involvement in treatment decision making. Discussion: Over time, adults with cancer have shifted towards more active role preference in treatment decision making. In current cancer care, a large majority prefers taking an active role, irrespective of age.","Studies included in this review were performed among adults (defined as eighteen years and older) with cancer treated in research centres that are part of a western healthcare system (including: European Union, United Kingdom, United States of America, Canada, Japan, Australia, and New Zealand). Japan was included, as previous studies have shown that the Japanese healthcare system is comparable to the western health care system [9,10]. We excluded conference abstracts, non-original research, studies on paediatric population (defined as younger than eighteen years old), as well as studies addressing specific ethnographic subgroups within western healthcare systems. For meta-analysis purposes, studies were filtered on reporting data from the Control Preference Scale (CPS), which is a questionnaire to assess the patients' preference for their role in treatment decision making (Table 1) [11].",
A Systematic Review Comparing Experimental Design of Animal and Human Methotrexate Efficacy Studies for Rheumatoid Arthritis: Lessons for the Translational Value of Animal Studies,"Increased awareness and understanding of current practices in translational research is required for informed decision making in drug development. This paper describes a systematic review of methotrexate for rheumatoid arthritis, comparing trial design between 147 animal and 512 human studies. Animal studies generally included fewer subjects than human studies, and less frequently reported randomisation and blinding. In relation to life span, study duration was comparable for animals and humans, but included animals were younger than included humans. Animal studies often comprised males only (61%), human studies always included females (98% included both sexes). Power calculations were poorly reported in both samples. Analyses of human studies more frequently comprised Chi-square tests, those of animal studies more frequently reported analyses of variance. Administration route was more variable, and more frequently reported in animal than human studies. Erythrocyte sedimentation rate and c-reactive protein were analysed more frequently in human than in animal studies. To conclude, experimental designs for animal and human studies are not optimally aligned. However, methotrexate is effective in treating rheumatoid arthritis in animal models and humans. Further evaluation of the available evidence in other research fields is needed to increase the understanding of translational success before we can optimise translational strategies.","We included all studies in which MTX was administered to RA patients or RA animal models in our ongoing review. We excluded studies on other diseases than RA, studies that were not in vivo, studies that did not administer MTX (or only had treatment groups co-administering MTX with other experimental drugs), studies that did not analyse efficacy (e.g., safety studies), and publications that did not contain new data (e.g., reviews and editorials).",
Bayesian PTSD-Trajectory Analysis with Informed Priors Based on a Systematic Literature Search and Expert Elicitation,"There is a recent increase in interest of Bayesian analysis. However, little effort has been made thus far to directly incorporate background knowledge via the prior distribution into the analyses. This process might be especially useful in the context of latent growth mixture modeling when one or more of the latent groups are expected to be relatively small due to what we refer to as limited data. We argue that the use of Bayesian statistics has great advantages in limited data situations, but only if background knowledge can be incorporated into the analysis via prior distributions. We highlight these advantages through a data set including patients with burn injuries and analyze trajectories of posttraumatic stress symptoms using the Bayesian framework following the steps of the WAMBS-checklist. In the included example, we illustrate how to obtain background information using previous literature based on a systematic literature search and by using expert knowledge. Finally, we show how to translate this knowledge into prior distributions and we illustrate the importance of conducting a prior sensitivity analysis. Although our example is from the trauma field, the techniques we illustrate can be applied to any field.","In the second round, the full-text articles were independently read and screened by RvdS and MS for the following inclusion criteria: (a) longitudinal studies with at least three measurement waves measuring PTSD, (b) studies that measured PTSD on a continuous scale via an interview or questionnaire, (c) and studies that used a clustering method (LGMM, LCGA, hierarchical cluster analysis), (d) traumatic stress symptoms following events that appeared to fulfill DSM-IV criterion A1 for PTSD or acute stress disorder. ",
Cerebral small vessel disease and the risk of dementia: A systematic review and meta_analysis of population_based evidence,"Introduction: Cerebral small vessel disease is increasingly linked to dementia. Methods: We systematically searched Medline, Embase, and Cochrane databases for prospective population-based studies addressing associations of white matter hyperintensities, covert brain infarcts (i.e., clinically silent infarcts), and cerebral microbleeds with risk of all-dementia or Alzheimer's disease and performed meta-analyses. Results: We identified 11 studies on white matter hyperintensities, covert brain infarcts, or cerebral microbleeds with risk of all-dementia or Alzheimer's disease. Pooled analyses showed an association of white matter hyperintensity volume and a borderline association of covert brain infarcts with risk of all-dementia (hazard ratio: 1.39 [95% confidence interval: 1.00; 1.94], N = 3913, and 1.47 [95% confidence interval: 0.97; 2.22], N = 8296). Microbleeds were not statistically significantly associated with an increased risk of all-dementia (hazard ratio: 1.25 [95% confidence interval: 0.66; 2.38], N = 8739). Discussion: White matter hyperintensities are associated with an increased risk of all-dementia and Alzheimer's disease in the general population. However, studies are warranted to further determine the role of markers of cerebral small vessel disease in dementia.","For the current review, we used the following inclusion criteria: (1) all studies had to be prospective population-based cohort studies. Inherent to the nature of population-based studies this meant that except for a selection criterion of age, no other selection criteria were applied; (2) cerebral imaging had to be performed (either magnetic resonance imaging [MRI] or computed tomography) for the visualization of white matter hyperintensities, covert brain infarcts, or microbleeds; (3) all studies had to have investigated the association of any of the three pathologies with the risk of incident all-dementia or AD. We specifically note that we chose all-dementia as primary outcome measure, given that the syndrome diagnosis of dementia can be defined with high consistency across studies and is less dependent on advanced diagnostic testing, which is often not feasible in large population-based studies. Still, we acknowledge the importance of various neuropathologies underlying the clinical manifestation of dementia. To provide additional insight into the association of cerebral small vessel disease with dementia independent of manifest cerebrovascular disease, we also highlighted the associations with a diagnosis of AD (if available in the study) as a secondary outcome measure. We restricted our inclusion to original articles that were written in English and excluded review articles, case reports, conference papers, and editorials.",
Comparability of Objective Structured Clinical Examinations (OSCEs) and Written Tests for Assessing Medical School Students’ Competencies: A Scoping Review,"Objective Structured Clinical Examinations (OSCEs) and written tests are commonly used to assess health professional students, but it remains unclear whether the additional human resources and expenses required for OSCEs, both in-person and online, are worthwhile for assessing competencies. This scoping review summarized literature identified by searching MEDLINE and EMBASE comparing 1) OSCEs and written tests and 2) in-person and online OSCEs, for assessing health professional trainees' competencies. For Q1, 21 studies satisfied inclusion criteria. The most examined health profession was medical trainees (19, 90.5%), the comparison was most frequently OSCEs versus multiple-choice questions (MCQs) (18, 85.7%), and 18 (87.5%) examined the same competency domain. Most (77.5%) total score correlation coefficients between testing methods were weak (r < 0.40). For Q2, 13 articles were included. In-person and online OSCEs were most used for medical trainees (9, 69.2%), checklists were the most prevalent evaluation scheme (7, 63.6%), and 14/17 overall score comparisons were not statistically significantly different. Generally low correlations exist between MCQ and OSCE scores, providing insufficient evidence as to whether OSCEs provide sufficient value to be worth their additional cost. Online OSCEs may be a viable alternative to in-person OSCEs for certain competencies where technical challenges can be met.","Our inclusion criteria are highlighted as follows within the PICOTS framework (Guyatt et al., 2015). For Q1 (OSCEs vs. written tests), the Population was health professional trainees (e.g., students or residents), excluding veterinary trainees; the Intervention was OSCE stations; the Comparator was written or typed testing methods (e.g., multiple-choice questions, short/long form answers); the Outcomes were overall score comparisons and individual competency domain score comparisons, as measured by the study itself; the Timeframe included studies published between 1946 and 2021; and the Study design/type included studies that had to have a control/comparison group (e.g., RCTs, cohort studies, case–control studies, historical controls). Included studies also had to report primary data and be written in English. For Q2 (online vs. in-person OSCEs), the Population was health professional trainees (e.g., students or residents), excluding veterinary trainees; the Intervention was online OSCE stations (test taker communicates information through an online platform); the Comparator was in-person OSCE stations (test taker communicates information in a face-to-face, in-person setting); the Outcomes were overall score comparisons, individual competency domain score comparisons, and logistics, feasibility, and resource intensity, as measured by the study itself; the Timeframe included studies published between 2000 and 2021 (timeframe was reduced as online OSCEs are a recent phenomenon); and the Study design/type included studies that had to have a control/comparison group (e.g., RCTs, cohort studies, case–control studies, historical controls). Included studies also had to report primary data and be written in English. For both research questions, editorials, commentaries, and guidelines were excluded. Conference abstracts were considered since they may have relevant information or data.",
Comparative effectiveness of common therapies for Wilson disease: A systematic review and meta_analysis of controlled studies,"Background & aims: Wilson disease (WD) is a rare disorder of copper metabolism. The objective of this systematic review was to determine the comparative effectiveness and safety of common treatments of WD. Methods: We included WD patients of any age or stage and the study drugs D-penicillamine, zinc salts, trientine and tetrathiomolybdate. The control could be placebo, no treatment or any other treatment. We included prospective, retrospective, randomized and non-randomized studies. We searched Medline and Embase via Ovid, the Cochrane Central Register of Controlled Trials, and screened reference lists of included articles. Where possible, we applied random-effects meta-analyses. Results: The 23 included studies reported on 2055 patients and mostly compared D-penicillamine to no treatment, zinc, trientine or succimer. One study compared tetrathiomolybdate and trientine. Post-decoppering maintenance therapy was addressed in one study only. Eleven of 23 studies were of low quality. When compared to no treatment, D-penicillamine was associated with a lower mortality (odds ratio 0.013; 95% CI 0.0010 to 0.17). When compared to zinc, there was no association with mortality (odds ratio 0.73; 95% CI 0.16 to 3.40) and prevention or amelioration of clinical symptoms (odds ratio 0.84; 95% CI 0.48 to 1.48). Conversely, D-penicillamine may have a greater impact on side effects and treatment discontinuations than zinc. Conclusions: There are some indications that zinc is safer than D-penicillamine therapy while being similarly effective in preventing or reducing hepatic or neurological WD symptoms. Study quality was low warranting cautious interpretation of our findings.","We included WD patients of any age or stage. The study drug had to be one of four established therapies, namely DPen, trientine, TTM or Zn. The control could be placebo, no treatment or any other treatment that does not include the respective study drug (eg Zn vs trientine was allowed, Zn 50 mg vs Zn 100 mg was not allowed). Concomitant therapies had to be identical in the compared treatment arms (eg trientine plus Zn vs TTM plus Zn). Comparisons between monotherapy and combination therapy regimens that included the respective monotherapy drug (eg DPen plus Zn vs Zn) have been analysed elsewhere23 and were not considered any further here. We included studies that reported all-cause mortality, orthotopic liver transplantation (OLT), neurological symptoms (eg dystonia, dysarthria, cognitive decline, drooling, tremor, gait disturbance, chorea, seizure, psychosis), liver-related symptoms (eg icterus, ascites, steatosis, fibrosis, mild hepatitis, acute liver failure, cirrhosis, serum transaminases), adverse effects (eg dermatological manifestations, nephrotoxicity, pulmonary toxicity, autoimmune disorders, anaemia, neutrophilic agranulocytosis, thrombocytopenia, hypothyroidism, liver dysfunction, colitis, status dystonicus, myasthenia gravis, arthropathy, macromastia, early neurological deterioration, gastrointestinal irritation), and frequency of treatment discontinuation (ie switching to another drug, stopping or changing the treatment). We included prospective and retrospective studies, including randomized, non-randomized controlled trials and comparative observational studies that were written in English, German, Dutch, French, Spanish or Portuguese. Animal studies, case reports, case series, cross-sectional studies, before-after studies, reviews, letters, abstract-only publications, editorials, diagnostic or other testing studies and non-controlled studies were excluded. No publication date restrictions were applied.",
Comparative efficacy and safety of long-acting oral opioids for chronic non-cancer pain: a systematic review,"Opioids have been endorsed as appropriate treatment for refractory chronic non-cancer pain when used according to published guidelines. They are widely used for this indication. However, there appear to be gaps in our understanding of the efficacy and safety of individual long-acting opioids compared to each other or as a class compared to short-acting opioids. This systematic review summarizes and assesses the evidence for the comparative efficacy and safety of long-acting opioids in the management of chronic non-cancer pain. Randomized trials (for comparative efficacy and adverse events) and observational studies (for adverse events only) that included non-parenteral long-acting opioids were sought using electronic databases, handsearching reference lists, and soliciting pharmaceutical company submissions. Searches were performed through October 2002. The validity of each included study was assessed using a data abstraction form and predefined criteria. An overall grade was allocated for the body of evidence for each key question. A total of 16 randomized trials (comparative efficacy and adverse events), enrolling 1427 patients, and 8 observational studies (adverse events) of 1190 patients were included in this review. No randomized trial was rated good quality; observational studies were generally of poorer quality than the trials. There was insufficient evidence to prove that different long-acting opioids are associated with different efficacy or safety profiles. There was also insufficient evidence to determine whether long-acting opioids as a class are more effective or safer than short-acting opioids. A subgroup of three studies on long-acting versus short-acting oxycodone was more homogeneous and provided fair evidence that these formulations are equally effective for pain control.","We obtained full-text articles if the title and abstract review met the following eligibility criteria: 1. Systematic reviews of the clinical efficacy or adverse event rates of long-acting opioids in patients with chronic non-cancer pain, OR 2. Randomized controlled trials that compared one of the long-acting opioids listed above to another long-acting opioid, a short-acting opioid, a non-opioid, or placebo in adult patients with chronic non-cancer pain, OR 3. Randomized controlled trials and observational studies that reported adverse event rates for one of the long-acting opioids listed above. We re-applied these eligibility criteria to the full-text articles, ensuring that the clinical efficacy or adverse event rates from specific opioids were reported or could be calculated. Although studies of longer duration were preferred, we had no lower limit on the length of follow-up, but excluded “single-dose studies,” which examine the effects of a single dose of medication rather than a course of treatment.",
Comparative efficacy and safety of skeletal muscle relaxants for spasticity and musculoskeletal conditions: a systematic review,"Skeletal muscle relaxants are a heterogeneous group of medications used to treat two different types of underlying conditions: spasticity from upper motor neuron syndromes and muscular pain or spasms from peripheral musculoskeletal conditions. Although widely used for these indications, there appear to be gaps in our understanding of the comparative efficacy and safety of different skeletal muscle relaxants. This systematic review summarizes and assesses the evidence for the comparative efficacy and safety of skeletal muscle relaxants for spasticity and musculoskeletal conditions. Randomized trials (for comparative efficacy and adverse events) and observational studies (for adverse events only) that included oral medications classified as skeletal muscle relaxants by the FDA were sought using electronic databases, reference lists, and pharmaceutical company submissions. Searches were performed through January 2003. The validity of each included study was assessed using a data abstraction form and predefined criteria. An overall grade was allocated for the body of evidence for each key question. A total of 101 randomized trials were included in this review. No randomized trial was rated good quality, and there was little evidence of rigorous adverse event assessment in included trials or observational studies. There is fair evidence that baclofen, tizanidine, and dantrolene are effective compared to placebo in patients with spasticity (primarily multiple sclerosis). There is fair evidence that baclofen and tizanidine are roughly equivalent for efficacy in patients with spasticity, but insufficient evidence to determine the efficacy of dantrolene compared to baclofen or tizanidine. There is fair evidence that although the overall rate of adverse effects between tizanidine and baclofen is similar, tizanidine is associated with more dry mouth and baclofen with more weakness. There is fair evidence that cyclobenzaprine, carisoprodol, orphenadrine, and tizanidine are effective compared to placebo in patients with musculoskeletal conditions (primarily acute back or neck pain). Cyclobenzaprine has been evaluated in the most clinical trials and has consistently been found to be effective. There is very limited or inconsistent data regarding the effectiveness of metaxalone, methocarbamol, chlorzoxazone, baclofen, or dantrolene compared to placebo in patients with musculoskeletal conditions. There is insufficient evidence to determine the relative efficacy or safety of cyclobenzaprine, carisoprodol, orphenadrine, tizanidine, metaxalone, methocarbamol, and chlorzoxazone. Dantrolene, and to a lesser degree chlorzoxazone, have been associated with rare serious hepatotoxicity.","The population included in this review is adult or pediatric patients with spasticity or a musculoskeletal condition. We defined spasticity as muscle spasms associated with an upper motor neuron syndrome. Musculoskeletal conditions were defined as peripheral conditions resulting in muscle or soft tissue pain or spasms. We excluded obstetric and dialysis patients, and patients with restless legs syndrome or nocturnal myoclonus. Senate Bill 819 specifically excludes patients with HIV and patients with cancer. We included the following oral drugs classified as skeletal muscle relaxants: baclofen, carisoprodol, chlorzoxazone, cyclobenzaprine, dantrolene, metaxalone, methocarbamol, orphenadrine, and tizanidine. Other medications used for spasticity but considered to be in another drug class, such as benzodiazepines, quinine, tricyclic antidepressants, gabapentin, and clonidine, were not considered primary drugs in this report, but were reviewed when they were directly compared to an included skeletal muscle relaxant. We excluded trials20., 23., 24., 25., 26., 27. in which an included skeletal muscle relaxant was combined with an analgesic medication unless the comparison arm included the same analgesic medication and dose, trials28 which evaluated skeletal muscle relaxants not approved in the United States, and trials29 which only compared one dose of an included skeletal muscle relaxant with another dose. The main efficacy measures were relief of muscle spasms or pain, functional status, quality of life, withdrawal rates, and adverse effects (including sedation, weakness, addiction, and abuse). We excluded non-clinical outcomes such as electromyogram measurements or spring tension measurements. There is no single accepted standard on how to measure the included outcomes. Spasticity is an especially difficult outcome to measure objectively. The most widely used standardized scales to measure spasticity are the Ashworth30 and modified Ashworth31 scales. In these scales, the assessor tests the resistance to passive movement around a joint and grades it on a scale of 0 (no increase in tone) to 4 (limb rigid in flexion or extension). The modified Ashworth scale adds a “1+” rating between the 1 and 2 ratings of the Ashworth scale. For both of these scales, the scores are usually added for four lower and four upper limb joints, for a total possible score of 0–32, though scoring methods can vary. Other measures of spasticity include the pendulum test, muscle spasm counts, and patient assessment of spasticity severity on a variety of numerical (e.g., 1–3, 1–4, 0–4) or categorical (e.g., none, mild, moderate, severe) scales. Many of these scales have not been validated. Muscle strength is usually assessed with the British Medical Research Council (BMRC) scale, which is based on the observation of resistance provided by voluntary muscle activity.14 An assessor grades each muscle or muscle group independently on a scale of 0 (no observed muscle activation) to 5 (full strength). Most studies measure pain using either visual analogue or categorical pain scales. Visual analogue scales (VAS) consist of a line on a piece of paper labeled 0 at one end, indicating no pain, and a maximum number (commonly 100) at the other, indicating excruciating pain. Patients designate their current pain level on the line. Categorical pain scales, on the other hand, consist of several pain category options from which a patient must choose (e.g., no pain, mild, moderate, or severe). Pain control (improvement in pain) and pain relief (resolution of pain) are also measured using visual analogue and categorical scales. Studies can evaluate functional status using either disease-specific or non-specific scales. Disease-specific scales tend to be more sensitive to changes in status for that particular condition, but non-specific scales allow for some comparisons of functional status between conditions. The most commonly used disease-specific measure of functional and disability status in patients with multiple sclerosis, for example, is the Kurtzke Extended Disability Status Scale (EDSS).32 The EDSS measures both disability and impairment, combining the results of a neurological examination and functional assessments of eight domains into an overall score of 0–10 (in increments of 0.5). Disease-specific scales are also available for other musculoskeletal and spastic conditions.33., 34. Scales that are not disease-specific include the Medical Outcomes Study Short Form-36 (SF-36), Short Form-12 (SF-12), and other multi-question assessments. Another approach to measuring function is to focus on how well the medication helps resolve problems in daily living that patients with spasticity or musculoskeletal conditions commonly face, such as getting enough sleep or staying focused on the job. Some studies also report effects on mood and the preference for one medication over another. We focused on the following common adverse events: somnolence or fatigue, dizziness, dry mouth, and weakness. We also paid special attention to reports of serious hepatic injury, abuse, and addiction.35 In some studies, only “serious” adverse events or adverse events “thought related to treatment medication” are reported. Many studies do not define these terms. We included information on hospitalizations and deaths when available. Because of inconsistent reporting of outcomes, withdrawal rates may be a more reliable surrogate measure for either clinical efficacy or adverse events in studies of skeletal muscle relaxants. High withdrawal rates probably indicate some combination of poor tolerability and ineffectiveness. An important subset is withdrawal due to any adverse event (those who discontinue specifically because of adverse effects), which may indicate an intolerable adverse event.",
Comparative efficacy of adjuvant non-opioid analgesia in adult cardiac surgical patients: A network meta-analysis,"Objectives: To compare the relative efficacy of adjuvant nonopioid analgesic regimens in adult cardiac surgical patients. Design: This frequentist, random-effects network meta-analysis (NMA) was prospectively registered on PROSPERO (CRD42021282913) and conducted according to the Preferred Reporting Items for Systematic Review and Meta-Analyses for Network Meta-Analyses (PRISMA-NMA). The risk of bias (RoB) and confidence of evidence were assessed by RoB 2 and Confidence in Network Meta-Analysis, respectively. Relevant databases were searched from inception to October 9, 2021. Setting: A total of 124 (N = 26,257) randomized controlled trials were included, of which 110 were analyzed. Participants: Trials enrolling adults (≥18 years of age) undergoing cardiac surgery that compared nonopioid analgesics against other nonopioid analgesics, placebo, or no additional treatment, as adjuvants to standard analgesic management, and reported at least 1 of the outcomes of interest. Measurement and main results: Outcomes of interest included resting postoperative pain scores at 24 hours. Compared with standard care and/or placebo, pain scores were reduced significantly by 10 different regimens, including acetaminophen (N = 176; mean difference [MD] -0.66 points, 95% CI -1.16 to -0.15 points; high confidence), magnesium (N = 323; -0.05 points, 95% CI -0.07 to -0.02 points; high confidence), gabapentin (N = 96; MD -0.40 points, 95% CI -0.71 to -0.09; moderate confidence), and clonidine (N = 64; MD v0.38 points, 95% CI -0.73 to v0.04 points; moderate confidence). Indomethacin, diclofenac, magnesium, and gabapentin significantly reduced 24-hour opioid consumption. Four regimens significantly decreased the intensive care unit length of stay. Hydrocortisone, dexmedetomidine, and clonidine significantly decreased the duration of mechanical ventilation. Magnesium decreased, while methylprednisolone significantly increased, the risk of myocardial infarction. Conclusions: Given the increasing emphasis on enhanced recovery after surgery(ERAS) protocols and the eventual goal of limiting opiate prescriptions postoperatively, the authors' data suggested far greater use of nonopioid adjuncts to minimize pain and enhance recovery following cardiac surgery.","The study authors included randomized controlled trials (RCTs) that compared nonopioid analgesics against other active nonopioid analgesics, placebo, or no additional treatment, as adjuvant therapy with standard analgesic management among adults (≥18 years of age) undergoing cardiac surgery. There were no language or date restrictions to minimize the risk of publication bias. The authors excluded trials enrolling patients undergoing minimally invasive surgery and those studying nerve blocks and local anesthetics.",
"Coronary heart disease, heart failure, and the risk of dementia: A systematic review and meta_analysis","Introduction: Cardiovascular risk factors are closely linked with dementia risk, but whether heart disease predisposes to dementia is uncertain. Methods: We systematically reviewed the literature and meta-analyzed risk estimates from longitudinal studies reporting the association of coronary heart disease (CHD) or heart failure (HF) with risk of dementia. Results: We identified 16 studies (1,309,483 individuals) regarding CHD, and seven studies (1,958,702 individuals) about HF. A history of CHD was associated with a 27% increased risk of dementia (pooled relative risk [RR] [95% confidence interval, CI]: 1.27 [1.07-1.50]), albeit with considerable heterogeneity across studies (I2 = 80%). HF was associated with 60% increased dementia risk (pooled RR 1.60 [1.19-2.13]) with moderate heterogeneity (I2 = 59%). Among prospective population-based cohorts, pooled estimates were similar (for CHD, RR 1.26 [1.06-1.49], nine studies; and HF, RR 1.80 [1.41-2.31], four studies) and highly consistent (I2 = 0%). Conclusion: CHD and HF are associated with an increased risk of dementia.","We imported all retrieved records into an EndNote (Clarivate Analytics) library, and two investigators (F.J.W. and R.A.S.) independently screened all articles for eligibility, using the following inclusion criteria: (1) cohort studies or longitudinal studies conducted with routinely collected health care data (e.g., national medical registries or insurance databases); (2) determinant CHD (i.e., myocardial infarction with or without angina or coronary revascularization) or CHF; and (3) report of incident dementia diagnosis as the outcome (i.e., at least all-cause dementia or AD as its most common subtype). We chose all-cause dementia as the main outcome measure of interest for this meta-analysis because a syndrome diagnosis of dementia can be defined with high consistency across studies and is less dependent on advanced diagnostic testing that is often not feasible in large (population-based) studies. Yet, we acknowledge the importance of various neuropathologies underlying the clinical picture of dementia, in particular, as heart disease may relate stronger to cerebrovascular pathology than to other neuropathology. To provide more insight into the association of CHD and CHF with dementia independent of manifest cerebrovascular disease, we therefore adopted a clinical diagnosis of AD (per study protocol) as a secondary outcome measure. If multiple results were reported for the same cohort, we preferred the longer follow-up duration [10], [11], longer follow-up along with more comprehensive assessment of exposure [12], [13], larger number of incident dementia cases [14]-[17], most contemporary data [13], or the study in which selection bias was considered least likely [18]. In case of disagreement between assessors, consensus was reached through discussion.",
Cross_sectional relation of long_term glucocorticoids in hair with anthropometric measurements and their possible determinants: A systematic review and meta_analysis,"Background: Long-term glucocorticoids (HairGC) measured in scalp hair have been associated with body mass index (BMI), waist circumference (WC), and waist-hip-ratio (WHR) in several cross-sectional studies. We aimed to investigate the magnitude, strength, and clinical relevance of these relations across all ages. Methods: We performed a systematic review and meta-analysis (PROSPERO registration CRD42020205187) searching for articles relating HairGC to measures of obesity. Main outcomes were bivariate correlation coefficients and unadjusted simple linear regression coefficients relating hair cortisol (HairF) and hair cortisone (HairE) to BMI, WC, and WHR. Results: We included k = 146 cohorts (n = 34,342 individuals). HairGC were positively related to all anthropometric measurements. The strongest correlation and largest effect size were seen for HairE-WC: pooled correlation 0.18 (95%CI 0.11-0.24; k = 7; n = 3,158; I2 = 45.7%) and pooled regression coefficient 11.0 cm increase in WC per point increase in 10-log-transformed HairE (pg/mg) on liquid-chromatography-(tandem) mass spectrometry (LC-MS) (95%CI 10.1-11.9 cm; k = 6; n = 3,102). Pooled correlation for HairF-BMI was 0.10 (95%CI 0.08-0.13; k = 122; n = 26,527; I2 = 51.2%) and pooled regression coefficient 0.049 kg/m2 per point increase in 10-log-transformed HairF (pg/mg) on LC-MS (95%CI 0.045-0.054 kg/m2 ; k = 26; n = 11,635). Discussion: There is a consistent positive association between HairGC and BMI, WC, and WHR, most prominently and clinically relevant for HairE-WC. These findings overall suggest an altered setpoint of the hypothalamic-pituitary-adrenal axis with increasing central adiposity.","We included studies that reported cross‐sectional associations between HairGC and measurements of obesity. We excluded case reports, animal studies, review articles, non‐English or nonpeer reviewed studies, and studies in which hair sampling and weight measurements were not performed simultaneously (Figure 1). Pediatric studies that only included children younger than age 2 years were also excluded because BMI‐based definitions of obesity are not available for this age group. 10 We contacted all corresponding authors of articles that reported both HairGC and anthropometric data but did not report an association between these two outcomes to ask if they could provide us with an association measure. Of articles that also included patients with mental or physical diseases that are known to influence the relation between GCs and obesity, we only included the separate analyses of healthy controls if available. When data of the same participants were reported in several studies, we included the study that reported a bivariate association (correlation coefficient or unstandardized simple linear regression coefficient) between HairGC and measurements of obesity. If more than one article reported a bivariate association, we included the study with the largest sample size.",
Diferential efcacy and_afety of_nti_SARS_CoV_2 antibody therapies for_he_anagement of_OVID_19: a_ystematic review and_etwork meta_analysis,"This study evaluated the efficacy and safety of neutralizing monoclonal antibodies (mAbs) with usual care in patients with coronavirus disease 2019 (COVID-19). Randomized controlled trials comparing the efficacy and safety of neutralizing mAb treatment in patients with COVID-19 were identified using electronic database searches through March 10, 2023. This systematic review was conducted following the Preferred Reporting Items for Systematic Reviews and Meta-Analyses guidelines. Overall, 13 trials (23 articles) involving 25,646 patients were included in this systematic review. Compared with usual care, neutralizing mAbs were associated with significantly reduced all-cause mortality in outpatients with COVID-19 (pooled risk ratios [RR], 0.41; 95% confidence interval (CI), 0.20-0.83; 12 studies), but not in inpatients. In the subgroup analysis, only outpatients infected prior to the emergence of Delta variant or those with mAb-VOC match had significantly reduced mortality, while no significant benefit was observed in patients infected with Delta and post-Delta variants or mAb-VOC mismatch. Moreover, the rate of hospitalization and number of hospital visits had significantly reduced only in outpatients infected prior to the emergence of the Delta variant and those with mAb-VOC match. Our systematic review used majority of the high-certainty evidence. Our study found neutralizing mAbs were beneficial for outpatients infected prior to Delta variant or mAb-VOC match. In the face of the continuous emergence of new COVID-19 variants, additional clinical data are needed to determine whether neutralizing mAb treatment will be effective for the newly emerging variants.","Articles that met the following requirements were included in the study: 1) patients were adults with COVID-19; 2) interventions using neutralizing mAbs; 3) the comparator was a placebo or standard of care treatment; and 4) outcomes included primary or secondary outcomes (the primary outcomes included all-cause mortality at 28 days and hospitalization or hospital visit. Clinical recovery, ICU admission, mechanical ventilation, hospital discharge, and serious adverse events were classified as secondary outcomes.); 5) The study was a RCT. Only English and Korean studies were included in this meta-analysis. Two review authors independently and in duplicate evaluated publications for inclusion based on title and abstract and then reviewed relevant full-text articles. Disagreements during the review process were addressed by consensus, with the involvement of a third review author.",
Does the Source of Mesenchymal Stem Cell Have an Effect in the Management of Osteoarthritis of the Knee? Meta-Analysis of Randomized Controlled Trials,"Study design: Meta-analysis. Objectives: To compare the efficacy and safety of bone marrow(BM)-derived mesenchymal stem cell(MSCs) and adipose-derived(AD) MSCs in the management of osteoarthritis of knee from randomized controlled trials(RCTs) available in the literature. Materials and methods: We conducted electronic database searche from PubMed, Embase, and Cochrane Library till May 2020 for RCTs analyzing the efficacy and safety of MSCs in management of osteoarthritis of knee. Visual Analog Score(VAS) for Pain, Western Ontario McMaster Universities Osteoarthritis Index(WOMAC), Lysholm Knee Scale(Lysholm), Whole-Organ Magnetic Resonance Imaging Score(WORMS), Knee Osteoarthritis Outcome Score(KOOS), and adverse events were the outcomes analyzed. Analysis was performed in R platform using OpenMeta[Analyst] software. Results: Nineteen studies involving 811 patients were included for analysis. None of the studies compared the source of MSCs for osteoarthritis of knee and results were obtained by pooled data analysis of both sources. At 6 months, AD-MSCs showed significantly better VAS(P<0.001,P=0.069) and WOMAC(P=0.134,P=0.441) improvement than BM-MSCs, respectively, compared to controls. At 1 year, AD-MSCs outperformed BM-MSCs compared to their control in measures like WOMAC(P=0.007,P=0.150), KOOS(P<0.001;P=0.658), and WORMS(P<0.001,P=0.041), respectively. Similarly at 24 months, AD-MSCs showed significantly better Lysholm score(P=0.037) than BM-MSCs(P=0.807) although VAS improvement was better with BM-MSCs at 24 months(P<0.001). There were no significant adverse events with either of the MSCs compared to their controls. Conclusion: Our analysis establishes the efficacy, safety, and superiority of AD-MSC transplantation, compared to BM-MSC, in the management of osteoarthritis of knee from available literature. Further RCTs are needed to evaluate them together with standardized doses.","Studies were included for quantitative review if they met the following PICOS criteria: Population: Patients with knee osteoarthritis. Intervention: MSC therapy. Comparator: Usual care. Outcomes: Visual Analog Score (VAS) for Pain, Western Ontario McMaster Universities Osteoarthritis Index (WOMAC), Lysholm Knee. Scale (Lysholm), Whole-Organ Magnetic Resonance Imaging Score (WORMS), Knee Osteoarthritis Outcome Score (KOOS), and adverse events. Study Design: Randomized controlled trials. Trials were excluded if they had the following characteristics: 1. Observational studies and interventional studies without a comparator group. 2. Animal studies involving stem cell therapy for knee osteoarthritis models. 3. Review articles and in-vitro studies involving stem cell therapy.",
Efficacy and safety of corticosteroid regimens for the treatment of hospitalized COVID-19 patients: a meta-analysis,"Aim: To evaluate the efficacy and safety of corticosteroids for treating hospitalized COVID-19 patients. Materials & methods: Efficacy outcomes included time to negative SARS-CoV-2 tests, length of stay, duration and incidence of intensive unit care stay, incidence of mortality and duration and incidence of mechanical ventilation. Safety outcomes included the incidence of adverse eventEfficacy and safety of corticosteroid regimens for the treatment of hospitalized COVID-19 patients: a meta-analysiss and severe adverse events, incidence of hyperglycemia and incidence of nosocomial infections. Results: Ninety-five randomized controlled trials (RCTs) and observational studies (n = 42,205) were included. Corticosteroids were associated with increased length of stay (based on RCT only), increased time to negative tests, decreased length of mechanical ventilation and increased odds of hyperglycemia. Conclusion: Corticosteroids should be considered in patients requiring mechanical ventilation, and glycemic monitoring may be needed when administering corticosteroids.","We included both randomized and non-randomized comparative studies that met the following inclusion criteria: compared any corticosteroid therapy with standard of care, or compared any corticosteroid therapy with an adjuvant therapy to adjuvant therapy alone, and included hospitalized COVID-19 patients. We only included studies using adjuvant therapies if the adjuvant therapy between the control and experimental arms are the same in order to minimize the effect of the adjuvant therapies on treatment outcomes.",
Efficacy and safety of ivermectin for the treatment of COVID-19: a systematic review and meta-analysis,"Background: Ivermectin became a popular choice for COVID-19 treatment among clinicians and the public following encouraging results from pre-print trials and in vitro studies. Early reviews recommended the use of ivermectin based largely on non-peer-reviewed evidence, which may not be robust. This systematic review and meta-analysis assessed the efficacy and safety of ivermectin for treating COVID-19 based on peer-reviewed randomized controlled trials (RCTs) and observational studies (OSs). Methods: MEDLINE, EMBASE and PubMed were searched from 1 January 2020 to 1 September 2021 for relevant studies. Outcomes included time to viral clearance, duration of hospitalization, mortality, incidence of mechanical ventilation and incidence of adverse events. RoB2 and ROBINS-I were used to assess risk of bias. Random-effects meta-analyses were conducted. GRADE was used to evaluate quality of evidence. Results: Three OSs and 14 RCTs were included in the review. Most RCTs were rated as having some concerns in regards to risk of bias, while OSs were mainly rated as having a moderate risk of bias. Based on meta-analysis of RCTs, the use of ivermectin was not associated with reduction in time to viral clearance, duration of hospitalization, incidence of mortality and incidence of mechanical ventilation. Ivermectin did not significantly increase incidence of adverse events. Meta-analysis of OSs agrees with findings from RCT studies. Conclusions: Based on very low to moderate quality of evidence, ivermectin was not efficacious at managing COVID-19. Its safety profile permits its use in trial settings to further clarify its role in COVID-19 treatment.",We included both randomized and non-randomized comparative studies that met the following criteria: (i) compared ivermectin to standard of care or a control group receiving placebo; (ii) included adult COVID-19 inpatients and/or outpatients; and (iii) reported any of our outcomes of interest.,
Efficacy and safety of selective serotonin reuptake inhibitors in COVID-19 management: a systematic review and meta-analysis,"Background: The efficacy of selective serotonin reuptake inhibitors (SSRIs) in the treatment of acute COVID-19 is still under investigation, with conflicting results reported from randomized controlled trials (RCTs). Different dosing regimens may have contributed to the contradictory findings. Objectives: To evaluate the efficacy and safety of SSRIs and the effect of different dosing regimens on the treatment of acute COVID-19. Data sources: Seven databases were searched from January 2020 to December 2022. Trial registries, previous reviews, and preprint servers were hand-searched. Study eligibility criteria: RCTs and observational studies with no language restrictions. Participants: COVID-19 inpatients/outpatients. Interventions: SSRIs prescribed after diagnosis were compared against a placebo or standard of care. Assessment of risk of bias: Risk of bias was rated using the revised Cochrane Risk of Bias Tool for Randomized Trials version 2.0 and Risk of Bias in Non-Randomized Studies of Interventions. Methods of data synthesis: Outcomes were mortality, hospitalization, composite of hospitalization/emergency room visits, hypoxemia, requirement for supplemental oxygen, ventilator support, and serious adverse events. RCT data were pooled in random-effects meta-analyses. Observational findings were narratively described. Subgroup analyses were performed on the basis of SSRI dose, and sensitivity analyses were performed excluding studies with a high risk of bias. The Grading of Recommendations, Assessment, Development and Evaluations framework was used to assess the quality of evidence. Results: Six RCTs (N = 4197) and five observational studies (N = 1156) were included. Meta-analyses associated fluvoxamine with reduced mortality (risk ratio, 0.72; 95% CI, 0.63-0.82) and hospitalization (risk ratio, 0.79; 95% CI, 0.64-0.99) on the basis of moderate quality of evidence. Medium-dose fluvoxamine (100 mg twice a day) was associated with reduced mortality, hospitalization, and composite of hospitalization/emergency room visits, but low-dose fluvoxamine (50 mg twice a day) was not. Fluvoxamine was not associated with increased serious adverse events. Observational studies support the use of fluvoxamine and highlight fluoxetine as a possible alternative to SSRIs for the treatment of COVID-19. Discussion: Fluvoxamine remains a candidate pharmacotherapy for treating COVID-19 in outpatients. Medium-dose fluvoxamine may be preferable over low-dose fluvoxamine.",We included RCTs and prospective or retrospective observational studies that included inpatients and/or outpatients of any age with COVID-19 and compared the use of SSRIs to the use of the standard of care or placebo. Studies assessing patients with past or ongoing SSRI prescriptions at the time of diagnosis were specifically excluded. We did not impose any language restrictions.,
Efficacy of chloroquine and hydroxychloroquine for the treatment of hospitalized COVID-19 patients: a meta-analysis,"Aims: To evaluate the efficacy and safety of hydroxychloroquine/chloroquine, with or without azithromycin, in treating hospitalized COVID-19 patients. Materials & methods: Data from randomized and observational studies were included in a random-effects meta-analysis. Primary outcomes included time to negative conversion of SARS-CoV-2 tests, length of stay, mortality, incidence of mechanical ventilation, time to normalization of body temperature, incidence of adverse events and incidence of QT prolongations. Results: Fifty-one studies (n = 61,221) were included. Hydroxychloroquine/chloroquine showed no efficacy in all primary efficacy outcomes, but was associated with increased odds of QT prolongations. Conclusion: Due to a lack of efficacy and increased odds of cardiac adverse events, hydroxychloroquine/chloroquine should not be used for treating hospitalized COVID-19 patients.","We included both randomized and non-randomized comparative studies that met the following inclusion criteria in our review: compared hydroxychloroquine or chloroquine as a monotherapy or in combination with azithromycin with standard of care, or compared hydroxychloroquine or chloroquine with adjuvant therapies to adjuvant therapies alone, and included hospitalized COVID-19 patients. For studies involving hydroxychloroquine with adjuvant therapies, we only included studies that used the same adjunctive therapy for both its intervention and control arms to minimize the effect of adjuvant therapies on treatment outcomes, similar to the design of several other meta-analyses [44–46].",
Efficacy of lopinavir_itonavir combination therapy for the treatment of hospitalized COVID-19 patients: a meta-analysis,"Aim: To evaluate the efficacy and safety of lopinavir-ritonavir (LPV/r) therapy in treating hospitalized COVID-19 patients. Materials & methods: Data from randomized and observational studies were included in meta-analyses. Primary outcomes were length of stay, time for SARS-CoV-2 test conversion, mortality, incidence of mechanical ventilation, time to body temperature normalization and incidence of adverse events. Results: Twenty-four studies (n = 10,718) were included. LPV/r demonstrated no significant benefit over the control groups in all efficacy outcomes. The use of LPV/r was associated with a significant increase in the odds of adverse events. Conclusion: Given the lack of efficacy and increased incidence of adverse events, the clinical use of LPV/r in hospitalized COVID-19 patients is not recommended.","We included both RCTs and comparative non-randomized observational studies that satisfied the following inclusion criteria in our analysis: compared LPV/r with standard of care, or compared LPV/r with adjuvant therapies to adjuvant therapies alone, included laboratory-confirmed, hospitalized COVID-19 patients. While we included studies involving LPV/r with adjuvant therapies, we only included studies that used the same concurrent therapy for its intervention and control arms to minimize the effect of adjuvant therapies on treatment outcomes, similar to the design of several other meta-analyses [56–58].",
Efficacy of therapeutic plasma exchange for treatment of autoimmune hemolytic anemia: A systematic review and meta-analysis of randomized controlled trials,"Objective: We performed a systematic review and meta-analysis to evaluate the efficacy and safety of therapeutic plasma exchange (TPE) in adult patients with autoimmune hemolytic anemia (AIHA). Methods: A search of major English and Chinese databases for randomized controlled trials (RCTs) comparing the use of TPE against no TPE in adult AIHA patients was performed. Outcomes were remission incidence, hematological parameters (ie, hemoglobin count, red blood cell count, reticulocyte percentage, total bilirubin, and hematocrit) and adverse event incidence. Results: Thirteen RCTs containing 906 patients were included. A majority of RCTs were given an unclear risk of bias. TPE was associated with increased remission incidence (risk ratio [RR] = 1.22, 95% confidence interval [CI] = 1.15-1.30) and improved hematological parameters. TPE was also associated with an insignificant increase in adverse event incidence (RR = 1.12, 95% CI = 0.68 to 1.86). Publication bias was detected for remission incidence and reticulocyte percentage, and it may have led to an overestimation of beneficial improvements in reticulocyte percentage. Conclusion: TPE was associated with both increased remission incidence and improved hematological parameters. It is capable of improving short-term hematological parameters to stabilize acute AIHA onset. Our results should be interpreted with caution due to the unclear risk of bias and the presence of publication biases. We were not able to determine the treatment effects for cold and warm AIHA separately due to a lack of subgroup data. Future RCTs incorporating larger sample sizes with subgroup data for warm and cold AIHA are needed to validate our findings and establish subgroup efficacy and safety.","We included parallel RCTs that satisfied the following criteria in our analysis: (a) included adult (age ≥ 18) AIHA patients, (b) compared the use of TPE with no TPE, and (c) reported any of our primary or secondary outcomes of interest. We included studies that administered other AIHA therapies concurrently with TPE, as we did not identify any studies that utilized TPE as a monotherapy or randomized patients to untreated control arms. To minimize the effect of concurrent therapies on treatment outcomes, we only included studies that employed the same concurrent therapies for both the control and the TPE arms (ie, concurrent therapy vs concurrent therapy + TPE).",
Fragility Analysis of Statistically Significant Outcomes of Randomized Control Trials in Spine Surgery,"Study design: Systematic review. Objectives: The aim of this study was to assess the robustness of statistically significant outcomes from randomized control trials (RCTs) in spine surgery using Fragility Index (FI) which is a novel metric measuring the number of events upon which statistical significance of the outcome depends. Summary of background data: Many trials in Spine surgery were characterized by fewer outcome events along with small sample size. FI helps us identify the robustness of the results from such studies with statistically significant dichotomous outcomes. Methods: We conducted independent and in duplicate, a systematic review of published RCTs in spine surgery from PubMed Central, Embase, and Cochrane Database. RCTs with 1:1 prospective study design and reporting statistically significant dichotomous primary or secondary outcomes were included. FI was calculated for each RCT and its correlation with various factors was analyzed. Results: Seventy trials met inclusion criteria with a median sample size of 133 (interquartile range [IQR]: 80-218) and median reported events per trial was 38 (IQR: 13-94). The median FI score was 2 (IQR: 0-5), which means if we switch two patients from nonevent to event, the statistical significance of the outcome is lost. The FI score was less than the number of patients lost to follow-up in 28 of 70 trials. The FI score was found to positively correlated with sample size (r = 0.431, P = 0.001), total number of outcome events (r = 0.305, P = 0.01) while negatively correlated with P value (r = -0.392, P = 0.001). Funding, journal impact-factor, risk of bias domains, and year of publication did not have a significant correlation. Conclusion: Statistically significant dichotomous outcomes reported in spine surgery RCTs are more often fragile and outcomes of the patients lost to follow-up could have changed the significance of results and hence it needs caution before transcending their results into clinical application. The addition of FI in routine reporting of RCTs would guide readers on the robustness of the statistical significance of outcomes. RCTs with FI ≥5 without any patient lost to follow-up can be considered to have clinically robust results.Level of Evidence: 1.","To be included in our study, a study should meet the following criteria: 1. The study should be an RCT with 1:1 parallel two-arm design. 2. The study must be related to spine surgery involving preoperative or intraoperative or postoperative variables. 3. The study must have a dichotomous primary or secondary outcome. Exclusion Criteria: 1. Studies not involving human subjects. 2. Studies with continuous variable outcomes like pain scores, Oswestry Disability Index scores, time to union without predefined clinical success criteria. 3. Studies that did not report a statistically significant primary or secondary outcome measure.",
Human and animal evidence of potential transgenerational inheritance of health effects: An evidence map and state-of-the-science evaluation,"Background: An increasing number of reports suggest early life exposures result in adverse effects in offspring who were never directly exposed; this phenomenon is termed ""transgenerational inheritance."" Given concern for public health implications for potential effects of exposures transmitted to subsequent generations, it is critical to determine how widespread and robust this phenomenon is and to identify the range of exposures and possible outcomes. Objectives: This scoping report examines the evidence for transgenerational inheritance associated with exposure to a wide range of stressors in humans and animals to identify areas of consistency, uncertainty, data gaps, and to evaluate general risk of bias issues for the transgenerational study design. Methods: A protocol was developed to collect and categorize the literature into a systematic evidence map for transgenerational inheritance by health effects, exposures, and evidence streams following the Office of Health Assessment and Translation (OHAT) approach for conducting literature-based health assessments. Results: A PubMed search yielded 63,758 unique records from which 257 relevant studies were identified and categorized into a systematic evidence map by evidence streams (46 human and 211 animal), broad health effect categories, and exposures. Data extracted from the individual studies are available in the Health Assessment Workspace Collaborative (HAWC) program. There are relatively few bodies of evidence where multiple studies evaluated the same exposure and the same or similar outcomes. Studies evaluated for risk of bias generally had multiple issues in design or conduct. Conclusions: The evidence mapping illustrated that risk of bias, few studies, and heterogeneity in exposures and endpoints examined present serious limitations to available bodies of evidence for assessing transgenerational effects. Targeted research is suggested to addressed inconsistencies and risk of bias issues identified, and thereby establish more robust bodies of evidence to critically assess transgenerational effects - particularly by adding data on exposure-outcome pairs where there is some evidence (i.e., reproductive, metabolic, and neurological effects).","In order to be eligible for inclusion, studies had to satisfy eligibility criteria specified by the PECO statement (Table 1). The following additional criteria were also used for exclusion: • articles without original data (i.e., reviews, editorials, commentaries) • studies of non-animal organisms (e.g., plants, fungi) • in vitro exposure studies • non-English publications",
Long-term Outcomes of Cognitive Behavioral Therapy for Anxiety-Related Disorders,"Importance: Cognitive behavioral therapy is recommended for anxiety-related disorders, but evidence for its long-term outcome is limited. Objective: This systematic review and meta-analysis aimed to assess the long-term outcomes after cognitive behavioral therapy (compared with care as usual, relaxation, psychoeducation, pill placebo, supportive therapy, or waiting list) for anxiety disorders, posttraumatic stress disorder (PTSD), and obsessive-compulsive disorder (OCD). Data sources: English-language publications were identified from PubMed, PsycINFO, Embase, Cochrane, OpenGrey (1980 to January 2019), and recent reviews. The search strategy included a combination of terms associated with anxiety disorders (eg, panic or phobi*) and study design (eg, clinical trial or randomized controlled trial). Study selection: Randomized clinical trials on posttreatment and at least 1-month follow-up effects of cognitive behavioral therapy compared with control conditions among adults with generalized anxiety disorder, panic disorder with or without agoraphobia, social anxiety disorder, specific phobia, PTSD, or OCD. Data extraction and synthesis: Researchers independently screened records, extracted statistics, and assessed study quality. Data were pooled using a random-effects model. Main outcomes and measures: Hedges g was calculated for anxiety symptoms immediately after treatment and at 1 to 6 months, 6 to 12 months, and 12 months or more after treatment completion. Results: Of 69 randomized clinical trials (4118 outpatients) that were mainly of low quality, cognitive behavioral therapy compared with control conditions was associated with improved outcomes after treatment completion and at 1 to 6 months and at 6 to 12 months of follow-up for a generalized anxiety disorder (Hedges g, 0.07-0.40), panic disorder with or without agoraphobia (Hedges g, 0.22-0.35), social anxiety disorder (Hedges g, 0.34-0.60), specific phobia (Hedges g, 0.49-0.72), PTSD (Hedges g, 0.59-0.72), and OCD (Hedges g, 0.70-0.85). At a follow-up of 12 months or more, these associations were still significant for generalized anxiety disorder (Hedges g, 0.22; number of studies [k] = 10), social anxiety disorder (Hedges g, 0.42; k = 3), and PTSD (Hedges g, 0.84; k = 5), but not for panic disorder with or without agoraphobia (k = 5) and could not be calculated for specific phobia (k = 1) and OCD (k = 0). Relapse rates after 3 to 12 months were 0% to 14% but were reported in only 6 randomized clinical trials (predominantly for panic disorder with or without agoraphobia). Conclusions and relevance: The findings of this meta-analysis suggest that cognitive behavioral therapy for anxiety-related disorders is associated with improved outcomes compared with control conditions until 12 months after treatment completion. At a follow-up of 12 months or more, effects were small to medium for generalized anxiety disorder and social anxiety disorder, large for PTSD, and not significant or not available for other disorders. High-quality randomized clinical trials with 12 months or more of follow-up and reported relapse rates are needed.","Randomized clinical trials were included that examined effects of CBT (ie, any therapy with cognitive restructuring and/or a behavioral therapy, such as exposure, as core component),15 including third generation CBTs (ie, acceptance and commitment therapy and metacognitive therapy), at least 1 month after treatment completion, in an individual, group, or internet treatment format. Comparison groups included care as usual (ie, anything patients would normally receive as long as it was not a structured type of psychotherapy, such as primary care at medical centers or case management with educational groups),15 relaxation, psychoeducation, pill placebo, supportive therapy, or waiting list. Studies were included if they tested adult patients (or samples consisting mostly of adults but also some adolescents aged ≥16 years) who received a diagnosis of GAD, PD, SAD, specific phobia, PTSD, or OCD based on results of a structured diagnostic interview. Studies were excluded if they did not use CBT (eg, applied relaxation, eye movement desensitization and reprocessing, or interpersonal therapy) or did not report symptoms separately for each disorder. To reduce clinical heterogeneity, studies were also excluded if they had done any of the following: (1) used self-guided therapy without any guidance, (2) used CBT combined with medication or pill placebo, or (3) tested inpatients.",
Patients Retransitioning from Biosimilar TNF_ Inhibitor to the Corresponding Originator After Initial Transitioning to the Biosimilar: A Systematic Review,"Background: Transitioning patients from an originator to a corresponding biosimilar has been extensively studied in both randomized controlled trials and observational studies. Although transitioning is considered well-tolerated, with no negative impacts on efficacy and/or safety, 2.6-25.8% of patients restart treatment with the originator (retransitioning). Retransitioning to the originator can be considered an indication of biosimilar treatment failure or dissatisfaction with biosimilar treatment. Increasing our knowledge of patients who retransition might help to reduce the number of patients retransitioning. Objective: Our objective was to estimate the cumulative incidence of patients who retransitioned from a tumor necrosis factor (TNF)-α inhibitor biosimilar to originator and to explore potential patient, disease, and treatment and implementation strategy factors associated with retransitioning. Method: We conducted a systematic literature search in the PubMed, EMBASE, and Cochrane Central Register of controlled trials databases until March 2021. Studies on TNFα inhibitors, biosimilar transitioning, and retransitioning were included. Transitioning was defined as switching from an originator to a biosimilar, and retransitioning was defined as switching from an originator to a biosimilar and back to the originator. Characteristics of the studies were descriptively analyzed. Studies were weighted by the number of patients transitioning, and the primary outcome was the median cumulative incidence of retransitioning. For each of the factors related to patient, disease, and treatment and implementation strategy, studies were stratified according to the categories of that factor. The weighted medians and interquartile ranges (IQRs) of the cumulative incidence of retransitioning in these studies were calculated and compared to explore whether a potential association existed between these factors and the cumulative incidence of retransitioning. Results: Of 994 screened publications, 37 were included. The weighted median cumulative incidence of retransitioning was 7.6% (IQR 6.8-17.2). Studies that included only patients with inflammatory bowel disease (6.6 vs. 15.1-17.7% for other indications), included only patients with stable disease (7.0 vs. 13.7% for including all patients), and did not offer retransitioning at the introduction of the biosimilar (7.0 vs. 11.1% for studies that offered retransitioning) reported less retransitioning. In addition, the incidence of retransitioning was lower when extra laboratory monitoring was part of the implementation strategy (1.6 vs. 6.1%) and when gainsharing (patients' healthcare directly benefits from financial savings from transitioning) (1.4 vs. 7.2% for studies without gainsharing) was applied. Conclusions: In studies on transitioning patients from TNFα originator to biosimilar, 8% of patients retransitioned. Retransitioning appeared to be lower in studies that included only patients with stable disease and in studies that did not offer patients the option of retransitioning at the introduction of the biosimilar. In addition, retransitioning appeared to be lower in studies that implemented extra laboratory monitoring as part of the biosimilar implementation strategy. Clinicians should consider implementing these suggestions as they might reduce retransitioning rates and improve the introduction of biosimilars in clinical practice. PROSPERO registration ID: CRD42021226381.","Studies found in the search strategy were merged in Rayyan QCRI and duplicates were removed. Only original research articles were included. Congress abstracts, reviews, editorials, and other opinion articles were excluded. The reference lists of review articles were manually checked by RM for additional potentially relevant articles not captured in the electronic search. Titles, abstracts, and full-text publications of the identified records were screened by RM to select relevant articles, and a 5% random sample was cross checked by HG. In case of uncertainty or disagreement, articles were discussed until consensus was reached and, if necessary, a third reviewer (TG) was consulted. Articles were included if they met the following criteria: (1) study involved transitioning from a TNFα inhibitor (including etanercept, infliximab, and adalimumab) originator to a biosimilar, (2) the number of patients who retransitioned was reported or could be calculated, (3) the article was an original research article published in a peer-reviewed journal, (4) the article included baseline characteristics of the patients who transitioned, (5) the article was written in English, and (6) the full-text version of the article could be obtained. Transitioning was defined as patients in whom the biosimilar was introduced after the originator, without treatment with other drugs in between. Retransitioning was defined as restarting the originator directly after discontinuing a biosimilar, without treatment with other drugs in between. In summary, transitioning was defined as switching from the originator to a biosimilar; retransitioning was defined as switching from the originator to a biosimilar and back to the originator. Both transitioning and retransitioning involved changes with the same active biological substance.",
Pharmacokinetics and Associated Efficacy of Emicizumab in Humans: A Systematic Review,"Introduction: Emicizumab is an effective new treatment option for people with hemophilia A (PwHA). The approved dosing regimens are based on body weight, without the necessity for laboratory monitoring. This assumes a clear dose-concentration-response relationship, with acceptable variability due to factors other than body weight. To investigate this assumption, a systematic review on the pharmacokinetics (PK) and associated efficacy of emicizumab in humans was conducted. Methods: The EMBASE, Pubmed and CENTRAL databases were systematically searched to November 2020 to identify studies on the PK data of emicizumab in humans. Data on the study, population, PK and efficacy (annualized bleeding rate of treated [joint] bleeds) were extracted and synthesized, and exposure effects modeling was performed using non-linear least squares regression in a maximum effect (Emax) model. Results: The 15 included studies reported on data for 140 volunteers and 467 PwHA, including children (0 to <12 years) and adolescents and adults (≥12 years), both with and without factor VIII (FVIII) inhibitors. Emicizumab demonstrated dose-linear PK. The interindividual variability of trough concentrations was moderate (32%) and was similar across various subgroups, such as FVIII inhibitor status, age group and dosing interval. The control of bleeds did not further improve above emicizumab concentrations of 30 µg/mL, potentially enabling lower dosing in a substantial proportion of PwHA. Conclusion: This review supports body weight-based dosing, although individualized monitoring of emicizumab concentrations may allow for more cost-effective dosing.","The following inclusion criteria were applied: emicizumab studies providing (1) data on humans, (2) original PK data or modeled PK data or PK/PD relationships, and (3) access to the abstract and the full text in English.",
Poor nutritional condition promotes high_risk behaviours: a systematic review and meta_analysis,"Animal behaviour can lead to varying levels of risk, and an individual's physical condition can alter the potential costs and benefits of undertaking risky behaviours. How risk-taking behaviour depends on condition is subject to contrasting hypotheses. The asset protection principle proposes that individuals in better condition should be more risk averse, as they have higher future reproductive potential (i.e. more to lose). The state-dependent safety hypothesis proposes that high-condition individuals that are more likely to survive and maximise the benefits of risky situations may make apparently riskier choices, as their individual risk is in fact lower. We systematically searched for studies that experimentally manipulated animals' nutritional or energetic condition through diet treatments, and subsequently measured risk-taking behaviour in contexts relating to predation, novelty and exploration. Our meta-analysis quantified condition effects on risk-taking behaviour at both the mean and variance level. We preregistered our methods and hypotheses prior to conducting the study. Phylogenetic multilevel meta-analysis revealed that the lower-nutritional-condition individuals showed on average ca. 26% greater tendency towards risk than high-condition individuals (95% confidence interval: 15-38%; N = 126 studies, 1297 effect sizes). Meta-regressions revealed several factors influencing the overall effect, such as the experimental context used to measure risk-taking behaviour, and the life stage when condition was manipulated. Meta-analysis of variance revealed no clear overall effect of condition on behavioural variance (on average ca. 3% decrease in variance in low- versus high-condition groups; 95% confidence interval: -8 to 3%; N = 119 studies, 1235 effect sizes), however, the experimental context was an important factor influencing the strength and direction of the variance effect. Our comprehensive systematic review and meta-analysis provide insights into the roles of state dependency and plasticity in intraspecific behavioural variation. While heterogeneity among effect sizes was high, our results show that poor nutritional state on average increases risk taking in ecological contexts involving predation, novelty and exploration.","We screened records to find original experimental studies that manipulated the condition of animals in independent treatment groups through their diet, via both dietary quantity (i.e. partial restriction, complete deprivation or enrichment) or quality treatments (e.g. protein restriction or enrichment), and including both short-term and longer-term manipulations up to extended periods of weeks to months. We screened for studies that then subjected those animals to behavioural observations in contexts relating to risk (e.g. novel environments, novel object, risk-sensitive foraging, predator response) in independent trials (for inclusion and exclusion decision trees see Appendix S1). Our aim was to test for adaptive condition-dependent behavioural responses in non-human animals, therefore we excluded studies using species with compromised genetic diversity and/or evolved adaptive responses (e.g. domesticated animals, laboratory breeds, genetically modified organisms; as per Kelly et al., 74) as well as studies on humans. Studies manipulating the micronutrient content of diets, or subjecting animals to high-fat diets were also excluded as the relationship between these diet manipulations and body condition is not clear and was considered beyond the scope of this review. Dietary treatments were excluded as ‘non-independent’: (i) where the behaviour was measured in the presence of high and low food availability, or dietary treatments such as periods of deprivation were applied within the novel environment (i.e. non-independence of treatments from the behavioural assay); (ii) where the dietary treatments were coupled with additional non-dietary factors (e.g. temperature; i.e. non-independence of the diet factor within treatments); or, (iii) the dietary treatments were applied longitudinally (within individuals) rather than cross-sectionally (i.e. non-independence between high and low treatments).",
Postmenopausal Hormone Replacement Therapy,"Context: Although postmenopausal hormone replacement therapy (HRT) is widely used in the United States, new evidence about its benefits and harms requires reconsideration of its use for the primary prevention of chronic conditions. Objective: To assess the benefits and harms of HRT for the primary prevention of cardiovascular disease, thromboembolism, osteoporosis, cancer, dementia, and cholecystitis by reviewing the literature, conducting meta-analyses, and calculating outcome rates. Data sources: All relevant English-language studies were identified in MEDLINE (1966-2001), HealthSTAR (1975-2001), Cochrane Library databases, and reference lists of key articles. Recent results of the Women's Health Initiative (WHI) and the Heart and Estrogen/progestin Replacement Study (HERS) are included for reported outcomes. Study selection and data extraction: We used all published studies of HRT if they contained a comparison group of HRT nonusers and reported data relating to HRT use and clinical outcomes of interest. Studies were excluded if the population was selected according to prior events or presence of conditions associated with higher risks for targeted outcomes. Data synthesis: Meta-analyses of observational studies indicated summary relative risks (RRs) for coronary heart disease (CHD) incidence and mortality that were significantly reduced among current HRT users only, although risk for incidence was not reduced when only studies that controlled for socioeconomic status were included. The WHI reported increased CHD events (hazard ratio [HR], 1.29; 95% confidence interval [CI], 1.02-1.63). Stroke incidence but not mortality was significantly increased among HRT users in the meta-analysis and the WHI. The meta-analysis indicated that risk was significantly elevated for thromboembolic stroke (RR, 1.20; 95% CI, 1.01-1.40) but not subarachnoid or intracerebral stroke. Risk of venous thromboembolism among current HRT users was increased overall (RR, 2.14; 95% CI, 1.64-2.81) and was highest during the first year of use (RR, 3.49; 95% CI, 2.33-5.59) according to a meta-analysis of 12 studies. Protection against osteoporotic fractures is supported by a meta-analysis of 22 estrogen trials, cohort studies, results of the WHI, and trials with bone density outcomes. Current estrogen users have an increased risk of breast cancer that increases with duration of use. Endometrial cancer incidence, but not mortality, is increased with unopposed estrogen use but not with estrogen with progestin. A meta-analysis of 18 observational studies showed a 20% reduction in colon cancer incidence among women who had ever used HRT (RR, 0.80; 95% CI, 0.74-0.86), a finding supported by the WHI. Women symptomatic from menopause had improvement in certain aspects of cognition. Current studies of estrogen and dementia are not definitive. In a cohort study, current HRT users had an age-adjusted RR for cholecystitis of 1.8 (95% CI, 1.6-2.0), increasing to 2.5 (95% CI, 2.0-2.9) after 5 years of use. Conclusions: Benefits of HRT include prevention of osteoporotic fractures and colorectal cancer, while prevention of dementia is uncertain. Harms include CHD, stroke, thromboembolic events, breast cancer with 5 or more years of use, and cholecystitis.","Inclusion and exclusion criteria were developed by the investigators for each topic. In general, studies were included if they contained a comparison group of HRT nonusers and reported data relating to HRT use and clinical outcomes of interest. Studies were excluded if the population was selected according to prior events or presence of conditions associated with higher risks for targeted outcomes.",
Prevalence of mental health symptoms in children and adolescents during the COVID-19 pandemic: A meta-analysis,"The COVID-19 pandemic and its accompanying infection control measures introduced sudden and significant disruptions to the lives of children and adolescents around the world. Given the potential for negative impacts on the mental health of youths as a result of these changes, we conducted a systematic review and meta-analysis to examine the prevalence of depressive symptoms, anxiety symptoms, and sleep disturbances in children and adolescents during the pandemic. We searched major literature databases for relevant cross-sectional or longitudinal studies that included primary and secondary school students or children and adolescents ≤18 years of age. Prevalence values were extracted, logit-transformed, and pooled. Based on 191 included studies with 1,389,447 children and adolescents, we found the pooled prevalence of depressive symptoms, anxiety symptoms, and sleep disturbances to be 31%, 31%, and 42%, respectively. Age, grade levels, education levels, gender, geographical regions, and electronics use were correlated with the prevalence of mental health symptoms. The prevalence of mental health symptoms also increased with time, although signs of recovery and stabilization were also observed. Overall, the results from this review demonstrate the need for increased mental health research, monitoring, and intervention for children and adolescents during the current and future pandemics.","Publications were included in the meta‐analysis if they met the following criteria: (1) primary cross‐sectional or longitudinal studies conducted after January 2020 (or reported data from time points after January 2020); (2) included children and adolescents ≤18 years of age or students enrolled in primary or secondary educational institutions; and (3) reported the prevalence of depressive symptoms, anxiety symptoms, and/or sleep disturbances, as assessed using self‐reported instruments or clinical interviews. Studies specifically targeting children with special needs or pre‐existing mental health disorders were excluded. No limitations on the publication's language or country of origin were placed.",
Psychological theories of depressive relapse and recurrence: A systematic review and meta-analysis of prospective studies,"Psychological factors hypothesized to account for relapse of major depressive disorder (MDD) roughly originate from five main theories: Cognitive, diathesis-stress, behavioural, psychodynamic, and personality-based. In a meta-analysis we investigated prospective, longitudinal evidence for these leading psychological theories and their factors in relation to depressive relapse. Included studies needed to establish history of MDD and prospective depressive relapse through a clinical interview, have a longitudinal and prospective design, and measure at least one theory-derived factor before relapse. We identified 66 eligible articles out of 43,586 records published up to November 2018. Pooled odds ratios (OR) indicated a significant relationship between the cognitive, behavioural, and personality-based theories and depressive relapse (cognitive: k = 17, OR = 1.24, 95% CI = 1.10-1.40; behavioural, k = 8, OR = 1.15, 95% CI = 1.05-1.25; personality: k = 12, OR = 1.26, 95% CI = 1.02-1.54), but not for the psychodynamic theories (k = 4, OR = 1.29, 95% CI = 0.83-1.99). Pooled hazard ratios of the theories were not significant. There were no articles identified for the diathesis-stress theories. To conclude, there is a restricted number of prospective studies, and some evidence that the cognitive, behavioural, and personality-based theories indeed partially account for depressive relapse.","Criteria for studies to be included in the review were: (1) Presence of a diagnostic status of MDD (MDD absence and/or presence) for all participants, as determined through a clinical interview (e.g., SCID, K-SADS from DSM, CIDI from ICD) or by a clinician at the start of the study; (2) At some point during the study, participants needed to be in (partial) remission or recovery as determined by a clinical interview or clinician assessment; and (3) relapse or recurrence was diagnosed through a clinical interview or by a clinician. (4) The study design was longitudinal and prospective; (5) The theory-derived predictor (i.e., the proposed factors) was assessed before the relapse or recurrence of MDD; (6) The predictor was derived from one of the leading psychological theories; (7) Sufficient information was reported to calculate effect sizes (or was made available upon request). Exclusion criteria were the presence of bipolar disorder, dysthymia, seasonal affective disorder, postpartum depression, late-life MDD, or MDD due to medical disorders. Studies that solely included people with a first onset MDD when they were older than 65 years, were excluded due to potential etiological differences between late-life onset MDD and MDD at younger ages (Devanand et al., 2004; Herrmann, Goodwin, & Ebmeier, 2007; Korten, Comijs, Lamers, & Penninx, 2012). Language was restricted to English. When multiple publications from the same study cohort were available, with exactly the same factors, we included the publication with the longest follow-up time, or the largest number of participants in case of equal follow-up time.",
Sleep and Microdialysis: An Experiment and a Systematic Review of Histamine and Several Amino Acids,"Sleep seems essential to proper functioning of the prefrontal cortex (PFC). The role of different neurotransmitters has been studied, mainly the catecholamines and serotonin. Less attention has been paid to the amino acid transmitters and histamine. Here, we focus on the activity of these molecules in the PFC during sleep and sleep deprivation (SD). We determined extracellular concentrations of histamine and 8 amino acids in the medial PFC before, during and after SD. Additionally, we systematically reviewed the literature on studies reporting microdialysis measurements relating to sleep throughout the brain. In our experiment, median concentrations of glutamate were higher during SD than during baseline (p = 0.013) and higher during the dark-active than during the resting phase (p = 0.003). Glutamine was higher during post-SD recovery than during baseline (p = 0.010). For other compounds, no differences were observed between light and dark circadian phase, and between sleep deprivation, recovery and baseline. We retrieved 13 papers reporting on one or more of the molecules of interest during naturally occurring sleep, 2 during sleep deprivation and 2 during both. Only two studies targeted PFC. Histamine was low during sleep, but high during sleep deprivation and wakefulness, irrespective of brain area. Glu (k = 11) and GABA (k = 8) concentrations in different brain areas were reported to peak during sleep or wakefulness or to lack state-dependency. Aspartate, glycine, asparagine and taurine were less often studied (1-2 times), but peaked exclusively during sleep. Sleep deprivation increased glutamate and GABA exclusively in the cortex. Further studies are needed for drawing solid conclusions.","Screening was performed in EROS (Early Review Organising Software; Institute of Clinical Effectiveness and Health Policy, Buenos Aires, Argentina) by two independent reviewers. Discrepancies were resolved by discussion among the reviewers. For our mapping review [17], we excluded (1) studies on other techniques than microdialysis (e.g. biosensors and microdialysis precursors such as push-pull perfusion), (2) studies measuring other substances than Hist and the amino acids Asn, Asp, GABA, Glu, Gln, Gly, Pro and Tau, (3) retro-dialysis studies, (4) microdialysis studies that did not report baseline values without the specified molecules in the perfusion fluid, (5) extra-cerebral microdialysis studies, (6) human and in vitro studies, and (7) papers not containing primary study data. Within publications, experiments using techniques other than microdialysis were also ignored (e.g. in [22]), as well as data on amino acids other than those we searched for (e.g. in [23]).",
Specialized psychotherapies for adults with borderline personality disorder: A systematic review and meta-analysis,"Objective: Borderline personality disorder affects up to 2% of the population and is associated with poor functioning, low quality of life and increased mortality. Psychotherapy is the treatment of choice, but it is unclear whether specialized psychotherapies (dialectical behavior therapy, mentalization-based treatment, transference-focused therapy and schema therapy) are more effective than non-specialized approaches (e.g. protocolized psychological treatment, general psychiatric management). The aim of this systematic review is to investigate the effectiveness of these psychotherapies. Methods: PubMed, PsycINFO, CINAHL, EMBASE and CENTRAL were searched from inception to November 2017. Included randomized controlled trials were assessed on risk of bias and outcomes were meta-analyzed. Confidence in the results was assessed using the Grading of Recommendations Assessment, Development and Evaluation method. The review has been reported following Preferred Reporting Items for Systematic Reviews and Meta-Analyses guidelines. Results: A total of 20 studies with 1375 participants were included. Specialized psychotherapies, when compared to treatment as usual or community treatment by experts, were associated with a medium effect based on moderate quality evidence on overall borderline personality disorder severity (standardized mean difference = -0.59 [95% confidence interval: -0.90, -0.28]), and dialectical behavior therapy, when compared to treatment as usual, with a small to medium effect on self-injury (standardized mean difference = -0.40 [95% confidence interval: -0.66, -0.13]). Other effect estimates were often inconclusive, mostly due to imprecision. Conclusion: There is moderate quality evidence that specialized psychotherapies are effective in reducing overall borderline personality disorder severity. However, further research should identify which patient groups profit most of the specialized therapies.","We included RCTs on four specialized psychotherapies (DBT, MBT, TFP and ST) for adults (18 years and older) with BPD, which included an individual psychotherapy component and had a duration of 16 weeks or more. Eligible comparison groups were other protocolized and specialized psychotherapies, or control groups, for example, treatment as usual (TAU), waiting list, attention control or community treatment by experts (CTBE). In studies that also included participants with other personality disorders (e.g. antisocial), we contacted the authors and requested disaggregated data. Studies were excluded with an arbitrary cut-off of <66% of the participants having BPD, unless disaggregated data were provided. Also, studies were excluded that tested incomplete versions of specialized treatment, for example, studies that investigated only skills training instead of the full DBT program.",
Systematic Review and Meta-Analysis of Early-Life Exposure to Bisphenol A and Obesity-Related Outcomes in Rodents,"Background: Early-life exposure to bisphenol A (BPA) has been implicated to play a role in the development of obesity. Objective: A systematic review with meta-analyses of experimental rodent studies was conducted to answer the following question: does early-life exposure to BPA affect the obesity-related outcomes body weight, fat (pad) weight, and circulating and tissue levels of triglycerides, free fatty acids (FFA), and leptin? Methods: The methodology was prespecified in a rigorous protocol using the Systematic Review Centre for Laboratory Animal Experimentation (SYRCLE) approach. Using PubMed and EMBASE, we identified 61 articles that met the inclusion criteria. The risk of bias and the methodological quality of these articles were assessed using the SYRCLE Risk of Bias tool, and a confidence-rating methodology was used to score the quality of evidence. Meta-analyses were performed using random effect models and standardized mean differences (SMDs), or, where possible, mean differences (MDs) were calculated. Results: Overall summary estimates indicated significant positive associations between BPA and fat weight [SMD=0.67 (95% CI: 0.53, 0.81)], triglycerides [SMD=0.97 (95% CI: 0.53, 1.40)], and FFA [SMD=0.86 (95% CI: 0.50, 1.22)], and a nonsignificant positive association with leptin levels [MD=0.37 (95% CI: -0.14, 0.87)] and a significant negative association with body weight were estimated [MD=-0.22 (95% CI: -0.37, -0.06)]. Subgroup analyses revealed stronger positive associations for most outcome measures in males and at doses below the current U.S. reference dose of 50μg/kg/d compared with doses above the reference dose. It should be noted that there was substantial heterogeneity across studies for all outcomes assessed and that there was insufficient information to assess risk of bias for most studies. Conclusions: Findings from our systematic review suggest that early-life exposure to BPA may increase adiposity and circulating lipid levels in rodents. https://doi.org/10.1289/EHP1233.","Studies were selected for full-text screening when they met the inclusion criteria. In case of doubt, articles were also analyzed based on their full text. Studies were included in this systematic review when they met all of the following criteria: a) original full paper that presented unique data; b) exposure to BPA; c) obesity-related article or at least one of the outcome measures was examined (body weight, fat pad weights, triglyceride levels, FFA levels, or leptin levels); d) experimental rodent study; e) perinatal exposure via maternal or direct pup exposure [during gestation and/or lactation up to postnatal day (PND) 21]. Studies were excluded if they met one of the following criteria: a) not an original paper; b) exposure to a chemical other than BPA; c) no disease or outcome of interest (no obesity-related outcome); d) not a rodent study; e) not perinatal exposure (paternal exposure, exposure after PND21, and measurements in unborn fetuses were excluded); f) outcomes not measured in F1 generation; g) unhealthy or genetically altered rodents (data measured after ovariectomy were considered unhealthy and were not extracted); h) outcomes were measured after diet was altered to high-fat diet during follow-up. In addition, selection was restricted to English-language articles.",
The methodological rigour of systematic reviews in environmental health,"While systematic reviews (SRs) are often perceived as a ""gold standard"" for evidence synthesis in environmental health and toxicology, the methodological rigour with which they are currently being conducted is unclear. The objectives of this study are (1) to provide up-to-date information about the methodological rigour of environmental health SRs and (2) to test hypotheses that reference to a pre-published protocol, use of a reporting checklist, or being published in a journal with a higher impact factor, are associated with increased methodological rigour of a SR. A purposive sample of 75 contemporary SRs were assessed for how many of 11 recommended SR practices they implemented. Information including search strategies, study appraisal tools, and certainty assessment methods was extracted to contextualise the results. The included SRs implemented a median average of 6 out of 11 recommended practices. Use of a framework for assessing certainty in the evidence of a SR, reference to a pre-published protocol, and characterisation of research objectives as a complete Population-Exposure-Comparator-Outcome statement were the least common recommended practices. Reviews that referenced a pre-published protocol scored a mean average of 7.77 out of 10 against 5.39 for those that did not. Neither use of a reporting checklist nor journal impact factor was significantly associated with increased methodological rigour of a SR. Our study shows that environmental health SRs omit a range of methodological components that are important for rigour. Improving this situation will require more complex, comprehensive interventions than simple use of reporting standards.","We employed a purposive SR sampling strategy aimed at covering a range of environmental health topics in a narrow, recent time window. We defined environmental health as “the investigation of associations between exposures to exogenous environmental challenges and health outcomes,” including toxicology and environmental epidemiology, as per our protocol (Menon et al. Citation2020). To be eligible for inclusion in the SR sample, documents had to fulfil the following criteria: 1. identify explicitly as a “systematic review” in their title; 2. assess the effect of a non-acute, non-communicable, environmental exposure on a health outcome; 3. include studies in people or mammalian models; 4. be available in HTML format; 5. be published between 1 January 2019 and 30 June 2020. We excluded umbrella reviews and review protocols, SRs of the wrong population (e.g. plants), and SRs of the following exposures: pathogens; poisons; smoking and tobacco-related products, except for exposure to second-hand smoke (to prevent our sample being dominated by studies of direct tobacco exposure); social, psychological, or behavioural risk factors; housing conditions; SRs of exposure only (e.g. biomonitoring); and protocols for SRs. We did include diet and addiction as exposures, as these are considered by some researchers as being environmental exposures (Bazzano et al. Citation2008). SRs had to be available in HTML format to allow copy-pasting of manuscripts into a uniform format stripped of visual cues, and allow easy removal of identifying information, as per our blinding strategy.",
The rodent object-in-context task: A systematic review and meta-analysis of important variables,"Environmental information plays an important role in remembering events. Information about stable aspects of the environment (here referred to as 'context') and the event are combined by the hippocampal system and stored as context-dependent memory. In rodents (such as rats and mice), context-dependent memory is often investigated with the object-in-context task. However, the implementation and interpretation of this task varies considerably across studies. This variation hampers the comparison between studies and-for those who design a new experiment or carry out pilot experiments-the estimation of whether observed behavior is within the expected range. Also, it is currently unclear which of the variables critically influence the outcome of the task. To address these issues, we carried out a preregistered systematic review (PROSPERO CRD42020191340) and provide an up-to-date overview of the animal-, task-, and protocol-related variations in the object-in-context task for rodents. Using a data-driven explorative meta-analysis we next identified critical factors influencing the outcome of this task, such as sex, testbox size and the delay between the learning trials. Based on these observations we provide recommendations on sex, strain, prior arousal, context (size, walls, shape, etc.) and timing (habituation, learning, and memory phase) to create more consensus in the set-up, procedure, and interpretation of the object-in-context task for rodents. This could contribute to a more robust and evidence-based design in future animal experiments.","The retrieved articles were screened based on a priori defined inclusion and exclusion criteria. Inclusion criteria for the systematic review were: (1) original article in the English language, (2) OIC task, (3) rodents, (4) control animals (no treatment, saline injection, or sham operation). Studies had to comply with the inclusion criteria above and report the sample size and (the data to calculate) the DR-with the corresponding standard error- to be included in the meta-analysis. Exclusion criteria were: 1) no primary literature in English; 2) other measures of context-dependent memory, like modified versions of the OIC task (e.g. combinations of context and location measures, context-dependent memory based on odors, classical fear conditioning or operant conditioning paradigms); 3) non-rodent species, 4) no control group tested. Note, genetic modification was not an exclusion criterium. Screening was performed by MV and MS. If information in the title and abstract was insufficient to determine eligibility, full-text articles were checked.",
The use of acupuncture in patients with Raynaud_ syndrome: A systematic review and meta-analysis of randomized controlled trials,"Objective: To assess the effectiveness of acupuncture for the treatment of Raynaud's syndrome by conducting a systematic review and meta-analysis of randomized controlled trials (RCTs). Methods: Studies were identified from English and Chinese databases from their inception to September 2020. The outcomes of interest were remission incidence, number of daily attacks, incidence of positive cold stimulation tests and incidence of cold provocation tests. We conducted meta-analysis and network meta-analysis using meta and gemtc. Results: Six trials (n = 272 participants) were included in the meta-analysis. Pairwise meta-analyses show that acupuncture was associated with increased remission incidence (risk ratio (RR) = 1.21, 95% confidence interval (CI) = 1.10 to 1.34), decreased daily number of attacks (weighted mean difference (WMD) = -0.57, 95% CI = -1.14 to -0.01), and increased incidence of positive cold stimulation tests (RR = 1.64, 95% CI = 1.27 to 2.11). There was not enough evidence to associate acupuncture with decreased incidence of positive cold provocation tests. The network meta-analyses did not demonstrate significant results for the effectiveness of any acupuncture treatments (electroacupuncture or manual acupuncture ± moxibustion), compared with controls, in terms of remission incidence or daily number of attacks, possibly due to small sample sizes and a lack of statistical power. Conclusion: The use of acupuncture may be effective for the treatment of Raynaud's syndrome in terms of increasing remission incidence, decreasing daily number of attacks and increasing incidences of positive cold stimulation tests. However, our findings should be interpreted with caution due to small sample sizes, very low quality of evidence and high risk of bias. Future large-scale RCTs are warranted.","In order to be included in our analysis, parallel RCTs needed to have: (1) recruited patients diagnosed with Raynaud’s syndrome; (2) used any acupuncture therapy compared with an untreated or sham acupuncture group; and (3) reported any of our outcomes of interest. We included studies that may have administered other therapies concurrently with acupuncture; however, the same concurrent therapy needed to have been used in both the intervention and control arms (i.e. acupuncture + concurrent therapy vs concurrent therapy) to minimize potential confounding by inclusion of concurrent therapies.",
Promoting patient uptake and adherence in cardiac rehabilitation,,"We include randomised controlled trials. 
Include Adults (ages 18 years or over) with myocardial infarction (MI), coronary artery bypass graft (CABG), percutaneous coronary intervention (PCI), heart failure (HF), stable angina, or CHD who were eligible for cardiac rehabilitation (must be at least 50% of sample; or data reported separately in participants that meet our inclusion criteria). For studies of uptake/enrolment, the study population comprised patients who were eligible for cardiac rehabilitation. For studies of increasing adherence/completion, participants were those
who had already enrolled to take part in a cardiac rehabilitation program at the start of the study. Studies of participants with heart transplants, heart valve procedures, arrhythmias such as atrial fibrillation and people implanted with either cardiac-resynchronization therapy or implantable defibrillators will be included in this update. 
Include any intervention with the specific aim of increasing patient utilization of comprehensive Phase II cardiac rehabilitation (i.e., program offers (1) initial patient assessment, (2) structured exercise, and (3) at least one other strategy to control CV risk factors/symptoms). Interventions could be targeted to: individuals, groups, partners, caregivers or other family members, or health professionals.
We only included studies where the comparison arm had an equivalent opportunity to attend a comparable CCR program.
Primary outcome measures for this review were: 1. measures of uptake/enrolment in cardiac rehabilitation programme – defined as patient attendance at first programme visit (or equivalent) 2. adherence to cardiac rehabilitation programme – defined as extent of participation in the overall prescribed programme  – defined as percentage of sessions completed (or equivalent).  We did not consider measures such as frequency of exercise, amount of exercise taken, and measures of exercise capacity (strength, peak oxygen uptake) to be suitable measures of adherence as they do not give an indication of the extent to which participants adhered to the overall program. 3. Completion Defined as attended at least some of the CR intervention components and have had a formal re-assessment by the CR team at the conclusion of the CR intervention (dichotomous; Y/N), or equivalent. Secondary outcomes were: 1. harms or adverse events relevant to the review 2. costs, and 3. Equity (i.e., intervention aims to increase utilization in under-represented group such as women, ethnocultural minorities, low socioeconomic status, older, rural or complex (e.g, indications, comorbidities) patients).
We included only studies that reported at least one primary outcome.",Adherence_to_cardiac_rehabilitation
"Oral anticoagulants for prevention of stroke in atrial fibrillation: systematic review, network meta-analysis, and cost effectiveness analysis",,"We included phase II or phase III randomised controlled trials using either a superiority or non-inferiority design 
Included adults with non-valvular atrial fibrillation eligible for oral anticoagulation. Trials in participants only eligible for parenteral anticoagulation were excluded. 
We focused on five DOACs; four direct factor Xa inhibitors: apixaban, betrixaban, edoxaban, and rivaroxaban, and one direct factor II (thrombin) inhibitor: dabigatran. The following direct factor Xa inhibitors were excluded: eribaxaban because the current stage of development was unclear; otamixaban because it is administered parenterally; darexaban (YM150) because it has been discontinued; and LY517717 and letaxaban (TAK442) because no information on any further clinical development was available. Two factor II inhibitors were also excluded: ximelagatran because it has been withdrawn as a result of liver toxicity and AZD0837 because it has been discontinued. 
Included therapeutic doses of warfarin or other vitamin K antagonist (with optimal INR range 2.0-4.0), as well as aspirin and clopidogrel. 
Included all stroke, stroke or systemic embolism, ischaemic stroke, haemorrhagic stroke, myocardial infarction, all-cause mortality, all bleeding, minor bleeding, major bleeding, intracranial bleeding, gastrointestinal bleeding, and clinically relevant bleeding.",Oral_anticoagulants_Atrial_Fibrillation
"Oral anticoagulants for primary prevention, treatment and secondary prevention of venous thromboembolic disease",,"We included phase II or phase III randomised controlled trials using either a superiority or non-inferiority design.
Include Primary prevention of VTE: Adults admitted to hospital who were considered to be at high risk of VTE, including those with a medical condition (e.g. cancer, major trauma, stroke) or undergoing a surgical procedure (e.g. total knee or hip arthroplasty, hip fracture surgery) that carries a high risk of VTE. Acute treatment of VTE: Adults who have received a new or recurrent objectively confirmed diagnosis of acute symptomatic VTE. Secondary prevention of VTE: Adults who have completed a minimum of 3 months of anticoagulant treatment for objectively confirmed first VTE without recurrence (secondary prevention)
We focused on five DOACs; four direct factor Xa inhibitors: apixaban, betrixaban, edoxaban, and rivaroxaban, and one direct factor II (thrombin) inhibitor: dabigatran. The following direct factor Xa inhibitors were excluded: eribaxaban because the current stage of development was unclear; otamixaban because it is administered parenterally; darexaban (YM150) because it has been discontinued; and LY517717 and letaxaban (TAK442) because no information on any further clinical development was available. Two factor II inhibitors were also excluded: ximelagatran because it has been withdrawn as a result of liver toxicity and AZD0837 because it has been discontinued. 
Included Primary prevention of VTE Standard dose low molecular weight heparin (LMWH); therapeutic doses of warfarin or other vitamin K antagonist (VKA) (with optimal INR range 2–4); placebo. Acute treatment of VTE Therapeutic doses of warfarin or other VKA (with optimal INR range 2–4). Secondary prevention of VTE Therapeutic doses of warfarin or other VKA (with optimal INR range 2–4); placebo; no treatment
Included Symptomatic venous thromboembolism (VTE), Non-symptomatic VTE. Major VTE (defined as symptomatic or asymptomatic proximal DVT, non-fatal pulmonary embolism (PE) and VTE-related death). Fatal VTE. Symptomatic deep vein thrombosis (DVT). Non-symptomatic DVT. Distal DVT. Symptomatic distal DVT. Proximal DVT. Symptomatic proximal DVT.  PE. Symptomatic PE. Non-symptomatic PE. Fatal PE. Non-fatal PE. Symptomatic non-fatal PE. Included any bleeding, major bleeding, minor bleeding, clinically-relevant non-major bleeding, intracranial bleeding, extracranial bleeding, fatal bleeding, bleeding from surgical site, thrombocytopenia. ",Oral_anticoagulants_venous_thromboembolism
Systematic review and meta-analysis of the effect of intraoperative α₂-adrenergic agonists on postoperative behaviour in children,,"We included randomised controlled trials. English language only.
Included children, 0–16 years undergoing general anaesthesia for an operation or other procedure. Excluded studies where participants have received sedative premedication
Included clonidine or dexmedetomidine administered intravenously after induction of anaesthesia. Excluded other modes of administration
Included placebo or a different dose of the intervention drug
Included primary outcome: 1. Postoperative behavioural disturbance (any method of measurement) 2. Emergence agitation/delirium 3. Post-hospitalization negative behaviour change (>24 h post-surgery). Secondary outcomes: 1. Time in recovery 2. Time to discharge (for day patients) 3. Use of rescue analgesia 4. Adverse events (including haemodynamic changes requiring intervention) 5. Acceptability of intervention or satisfaction with care (as judged by the patient or parent)",Postoperative_delerium_in_children
Systematic review of interventions for the prevention and treatment of postoperative urinary retention,,"We included randomised controlled trials
Included adults having surgery. Populations with known pre-existing urinary problems, such as benign prostatic obstruction, cancer of the bladder or prostate, or urinary incontinence, were excluded.
Included any intervention with the specific aim of preventing or treating post-operative urinary retention
Included Any comparator
Included incidence of PO-UR, defined as urinary retention with a postoperative onset requiring urgent intervention, such as catheter insertion, recatheterization (where catheter use was part of the treatment protocol), pharmacological or non-pharmacological treatment. Catheter use was considered as a proxy measure of PO-UR (if not stated explicitly that the catheter was inserted to treat urinary retention).",Postoperative_urinary_retention
Psychological or pharmacological therapies for treatment-resistant depression in adults,,"We included randomised controlled trials. Trials employing a cross‐over design could be included in the review, using data from the first active treatment stage only. Cluster RCTs were also eligible for inclusion. Any other study design, including quasi‐randomised studies and non‐randomised studies, were excluded from this review.
Participants must be 18 to 74 years of age. We excluded any study that included some participants younger than 75 years and some older than 74 years if the mean age of participants was over 74 years. Similarly, we excluded any study that included some participants younger than 18 years and some older than 18 years if the mean age of participants was less than 18 years. We defined treatment resistant depression as ""A primary diagnosis of unipolar depression that has not responded (or has only partially responded) to a minimum of four weeks of antidepressant treatment at a recommended dose (at least 150 mg/d imipramine or equivalent antidepressant (e.g. 20 mg/d citalopram))."" We excluded studies that included people who had not responded because of intolerance of antidepressant medication.
Included pharmacological treatments: The experimental interventions were based on the 'next step' approach to the management of depression that had not responded to treatment with antidepressants: 1. increasing the dose of antidepressant monotherapy; 2. switching to a different antidepressant monotherapy; 3. augmenting treatment with another antidepressant; 4. augmenting treatment with a non‐antidepressant. Included Antidepressants can be grouped as TCAs, MAOIs, SSRIs, SNRIs and NaSSAs. Included non‐antidepressant medications used as augmentors included antipsychotics (e.g. olanzapine), anxiolytics (e.g. buspirone), antimania drugs (e.g. lithium) and beta‐blockers (e.g. pindolol). Studies examining non‐standard pharmacological approaches for treating TRD (e.g. sex hormones, vitamins, herbal medicines and food supplements) were excluded. Included Psychological treatments: 1. Any psychological therapy provided as monotherapy, that is, the intervention comprised only a psychological therapy. 2. Any psychological therapy provided as an adjunct to antidepressant therapy, that is, the intervention was given in addition to an antidepressant.
Included continuing on the initial antidepressant monotherapy. An antidepressant that is included in one of five main types: TCAs, MAOIs, SSRIs, SNRIs, and NaSSAs. Included Another psychological therapy ‐ grouped as above. An attentional control providing the same level of support and attention from a practitioner (as is received by those in the experimental intervention arm) but not containing any of the key 'active' ingredients of the experimental intervention.
Included change in depressive symptoms as measured on rating scales for depression. Number of dropouts from study or treatment (all‐cause dropout) within trials. Included response or remission rates, or both, based on changes in depression measures ‐ either clinician‐rated (e.g. HAM‐D) or self‐report (e.g. BDI) or other validated measures. 1. Improvement in social adjustment and social functioning including the Global Assessment of Function scores. 2. Improvement in quality of life as measured on the Short Form (SF)‐36 Health of the Nation Outcome Scales (HoNOS), or World Health Organization Quality of Life (WHOQOL) or similar scale, where reported, were summarised in narrative form. 3. Economic outcomes (e.g. days of work absence/ability to return to work, number of appointments with primary care physician, number of referrals to secondary services, use of additional treatments), where reported were summarised in narrative form. 4. Adverse effects (e.g. completed/attempted suicides), where reported, were summarised in narrative form.",Treatment_resistant_depression
